id,en
HINT_ADD_HOTKEY,Add hotkey
HINT_ALL_ASTEROIDS,Show all asteroids
HINT_APPEND_DATE_TO_SAVE,Add the simulated date to new save file names
HINT_ATMOSPHERE_QUALITY,"Detail of the scattering calculation that renders air on Earth,\nVenus, Mars and Titan. Reduced integrates each view ray at\nfewer points: no visible change beyond a slight shift in the\nthin band at the limb. Minimum estimates each ray in closed form:\nsurfaces are unchanged, but the limb and twilight shift,\nmost of all around a crescent.\n\nGPU cost: MODERATE at Normal, close to a body with air\n\nGoing into or out of Minimum REQUIRES RESTART"
HINT_AUTOSAVE_TIME_MIN,"Minutes between autosaves, not counting time paused.\nSet to 0 to turn autosave off"
HINT_BODY_SYMBOL_SIZE_PERCENT,"Size of body symbols in the 3D view, relative to GUI Size"
HINT_CAMERA_KEY_IN_OUT_RATE,Speed of the keys that move the camera toward or away from its target
HINT_CAMERA_KEY_MOVE_RATE,Speed of the keys that move the camera around its target
HINT_CAMERA_KEY_PITCH_YAW_RATE,Speed of the keys that turn the camera (pitch and yaw)
HINT_CAMERA_KEY_ROLL_RATE,Speed of the keys that roll the camera
HINT_CAMERA_LOCK,Camera follows selection
HINT_CAMERA_MOUSE_IN_OUT_INVERSE,Reverse the mouse wheel's zoom direction
HINT_CAMERA_MOUSE_IN_OUT_RATE,Mouse wheel speed for moving toward or away from the target
HINT_CAMERA_MOUSE_MOVE_RATE,"Speed of left-button drag, which moves the camera around its target"
HINT_CAMERA_MOUSE_PITCH_YAW_RATE,"Speed of turning the camera with the mouse:\nShift drag, or right-button drag near the window center"
HINT_CAMERA_MOUSE_ROLL_RATE,"Speed of rolling the camera with the mouse:\nAlt drag, or right-button drag near the window edge"
HINT_CAMERA_TRANSFER_TIME,Seconds the camera takes to fly to a new target or view
HINT_CENTAURS,Show Centaurs
HINT_COLOR_PICKER,Color Picker
HINT_COMPATIBILITY_ATMOSPHERE_QUALITY,"Detail of the scattering calculation that renders air on Earth,\nVenus, Mars and Titan. Reduced integrates each view ray at\nfewer points: no visible change beyond a slight shift in the\nthin band at the limb. Minimum estimates each ray in closed form:\nsurfaces are unchanged, but the limb and twilight shift,\nmost of all around a crescent.\n\nGPU cost: HIGH at Normal, close to a body with air\n\nGoing into or out of Minimum REQUIRES RESTART"
HINT_COMPATIBILITY_MSAA_3D,"Multisample antialiasing: smooths jagged edges on orbit\nlines, ring edges and spacecraft.\n\nGPU cost: MODERATE at 2x or 4x; HIGH at 8x"
HINT_COMPATIBILITY_RENDER_SCALE,"Resolution of the 3D view as a share of the window's,\nscaled up to fill it. Menus and panels are not affected.\nLower is faster but softer: orbit lines and names blur,\nand faint stars thin out.\n\nGPU cost: HIGH at 100% on a high-resolution screen.\n50% renders a quarter of the pixels"
HINT_COMPATIBILITY_SHADOW_RESOLUTION,"Resolution of shadows cast by spacecraft and other objects\nnear the camera, or Off for none. Higher is sharper, but\nuses more video memory (8192: 256 MB). Eclipse and ring\nshadows are not affected.\n\nGPU cost: LOW"
HINT_DECREASE_FOCAL_LENGTH,Decrease camera focal length
HINT_EXPOSURE_ADJUSTMENT,Adjust exposure in 1/3 stops
HINT_EXPOSURE_AUTO,Meter camera exposure automatically
HINT_EXPOSURE_MANUAL,Set camera exposure in 1/3 stops
HINT_FADE_GUI_WHEN_IDLE,"Fade the GUI out after a few seconds without input while\nthe pointer is over the view. Any input brings it back"
HINT_FADE_GUI_WHILE_DRAGGING,Dim the GUI while you drag the view
HINT_FRAME_RATE_CAP,"Maximum number of frames drawn per second. A cap saves\npower, heat and battery life whenever the GPU could draw\nfaster, at some cost to smooth motion. It changes nothing\nwhere frames are already slower. None draws as often as\nthe display refreshes.\n\nGPU cost: HIGH at None on a display faster than 60 Hz"
HINT_FXAA,"Fast approximate antialiasing: a screen filter that smooths\njagged edges but softens the whole image, most noticeably\nat lower screen resolutions.\n\nGPU cost: LOW"
HINT_GUI_SIZE,Size of text and controls in GUI panels;\nalso scales names and symbols in the 3D view
HINT_HIDE_GUI,Hide all GUI
HINT_HIDE_HUD_WHEN_CLOSE,"Hide a body's name, symbol and orbit when the camera is close to it"
HINT_INCREASE_FOCAL_LENGTH,Increase camera focal length
HINT_L4_TROJANS,Show Jupiter L4 (Greek Camp) Trojans
HINT_L5_TROJANS,Show Jupiter L5 (Trojan Camp) Trojans
HINT_LABEL3D_NAMES_SIZE_PERCENT,"Size of body names in the 3D view, relative to GUI Size"
HINT_LANGUAGE,Language for all text. Automatic follows your\nsystem language when a translation exists
HINT_MAIN_BELT,Show Main Belt asteroids
HINT_MARS_CROSSERS,Show Mars-crossing asteroids
HINT_MOUSE_ONLY_GUI_NAV,"If checked, arrow keys move camera only;\notherwise, arrows navigate GUI controls"
HINT_MSAA_3D,"Multisample antialiasing: smooths jagged edges on orbit\nlines, ring edges and spacecraft.\n\nGPU cost: MODERATE at 2x or 4x; HIGH at 8x"
HINT_NAMES,Show names
HINT_NAMES_SYMBOLS_CKBXS,"Toggle to show names or symbols, or hide both"
HINT_NEAR_EARTH,Show near-Earth asteroids
HINT_ORBITS,Show orbits
HINT_ORBITS_CKBX_COLOR,Show/hide orbits and set their color
HINT_PAUSE,Pause
HINT_PAUSE_ON_LOAD,Start paused after loading a save
HINT_PHYSICAL_LIGHT,"Physically accurate light: sunlight falls off with distance\nas it really does, and the camera adjusts its exposure,\nso stars and the Milky Way fade out when a sunlit body\nis in view. Off: hand-tuned lighting with a fixed exposure"
HINT_POINTS_CKBX_COLOR,Show/hide points and set their color
HINT_RENDERER,"How the 3D view is drawn. Forward+ adds mouse-over\nidentification of orbit lines and asteroids, and the\nFXAA and TAA options.\n\nGPU cost: HIGH for Forward+ on integrated graphics,\nwhere Compatibility runs several times faster\n\nREQUIRES RESTART"
HINT_RENDER_SCALE,"Resolution of the 3D view as a share of the window's,\nscaled up to fill it. Menus and panels are not affected.\nLower is faster but softer: orbit lines and names blur,\nand faint stars thin out.\n\nGPU cost: HIGH at 100% on a high-resolution screen.\n50% renders a quarter of the pixels"
HINT_RESTORE_FORWARD_TIME,Restore forward time
HINT_RESTORE_DEFAULT_HOTKEY,Restore default hotkey
HINT_RESTORE_DEFAULT_OPTION,Restore default option
HINT_RUN_TIME_BACKWARDS,Run time backwards
HINT_SAVE_BASE_NAME,Default file name for new saves
HINT_SAVE_VISIBILITIES_AND_COLORS,Save visibilities & colors
HINT_SAVE_VIEW,Save view
HINT_SCREENSHOT_ASPECT,Screenshot shape. Preserve matches the window;\nother ratios crop the view at top and bottom or at the sides
HINT_SCREENSHOT_FILE_DIALOG,"Choose a file name and folder for each screenshot.\nIf unchecked, screenshots are numbered and saved\nin the last folder used"
HINT_SCREENSHOT_WIDTH,"Screenshot width in pixels (Aspect sets the height).\nRendered at this size, so it stays sharp at any window size"
HINT_SELECTION_IMAGE,Click to center and orient
HINT_SELECTION_BACK,Select last
HINT_SELECTION_FORWARD,Select next
HINT_SELECTION_UP,Select parent object
HINT_SET_AND_CLOSE,Set and close
HINT_SHADOW_RESOLUTION,"Resolution of shadows cast by spacecraft and other objects\nnear the camera, or Off for none. Higher is sharper, but\nuses more video memory (8192: 256 MB). Eclipse and ring\nshadows are not affected.\n\nGPU cost: LOW for modern GPU; HIGH for older\nor integrated GPU at 8192"
HINT_SHOW_GUI,Show the GUI again
HINT_SHOW_NAME,Show Name
HINT_SHOW_ORBIT,Show Orbit
HINT_SHOW_SYMBOL,Show Symbol
HINT_SMALL_BODIES_POINT_SIZE,Size in pixels of small bodies (asteroids) drawn as plain points
HINT_SMALL_BODIES_SYMBOL_SIZE_PERCENT,"Size of small bodies (asteroids) drawn as shaped symbols,\nrelative to GUI Size"
HINT_STAR_CATALOG,"Number of catalog stars loaded, brightest first. Fewer stars\nload faster and use less memory. A starry sky loses only a\nfaint glow at 940,000 (to magnitude 11), and looks visibly\nsparser at 220,000 (to 9.5), more so at long focal lengths.\n\nGPU cost: HIGH at 2.6 million, in a sky full of stars\n\nREQUIRES RESTART"
HINT_SYMBOL_PICKER,Symbol Picker
HINT_SYMBOLS,Show symbols
HINT_TERRESTRIAL_TIME_CLOCK,"Show the clock and date in Terrestrial Time (TT), the uniform\ntime scale of astronomical ephemerides, instead of Universal\nTime (UT), which follows Earth's rotation. TT currently runs\nabout 69 seconds ahead of UT"
HINT_TIME_SLOW,Decrease speed
HINT_TIME_SPEED,Increase speed
HINT_TIME_REAL,Set actual time (UT)
HINT_TRACK_GROUND,Camera will maintain latitude & longitude with respect to the target object
HINT_TRACK_ORBIT,Camera will track orbit of the target object
HINT_TRACK_ECLIPTIC,Camera follows the target object but orients to the ecliptic plane
HINT_TRANS_NEPTUNE,Show trans-Neptunian asteroids
HINT_TROJANS,Show Jupiter Trojans
HINT_UNPAUSE,Unpause
HINT_UPDATE_W_CHANGES,Update with changes
HINT_UP_LOCK,"Locks camera orientation with respect to reference frame: Ecliptic, Orbit or Ground"
HINT_USE_TAA,Temporal antialiasing: reduces jagged edges and shimmer\nby blending recent frames. Experimental: orbit lines\ncan leave ghost trails.\n\nGPU cost: MODERATE
HINT_VIEW_45,View from 45\u00B0 above
HINT_VIEW_OUTWARD,Look outward from current selection
HINT_VIEW_TOP,View from top
HINT_VIEW_ZOOM,View at close range
HINT_VIS_ON_MO_CKBX,Uncheck for visibility\non mouse-over only
